person_id,timestamp,message
1,2023-07-29T14:53:00+00:00,Oh jeeze!!
1,2023-07-29T14:53:09+00:00,Tooth fairy!!! Where are you!!!
2,2023-07-29T16:00:54+00:00,Can you bring the toy table?!
1,2023-07-29T17:10:55+00:00,Liked â€œCan you bring the toy table?! â€
2,2023-07-29T17:21:26+00:00,Bring broom and vacuum charger?!
1,2023-07-30T23:48:12+00:00,"The kids are super upset, and if you donâ€™t boate enough to fix this, Iâ€™ll just handle it myself."
1,2023-07-31T03:18:19+00:00,"Iâ€™m at Home Depot returning stuff. Then Target to get a life vest because clearly, Iâ€™m the only one who plans ahead."
2,2023-07-31T03:24:39+00:00,Nice.. Iâ€™m home.
1,2023-07-31T04:44:11+00:00,Did you leave without telling me?
2,2023-07-31T04:44:18+00:00,No.
1,2023-07-31T04:53:27+00:00,Are you sleeping downstairs to avoid dealing with this?
2,2023-07-31T04:53:39+00:00,Yes.
1,2023-07-31T04:58:18+00:00,I thought you didnâ€™t want us to do that. Or does it only matter when itâ€™s your decision?
2,2023-07-31T04:59:42+00:00,"Ideally, I wouldnâ€™t. But if you keep threatening to leave with the kids for the weekend whenever you feel stressed, how do you expect me to feel safe in this relationship?"
1,2023-07-31T05:13:04+00:00,"If you donâ€™t want me to go, just say so. But donâ€™t play the victim here. I need space to thinkâ€”Iâ€™m not going to let you guilt-trip me out of taking boate of myself."
2,2023-07-31T05:14:31+00:00,I donâ€™t even know how to respond when you talk like this.
2,2023-07-31T05:14:40+00:00,This is all so hard.
2,2023-07-31T05:14:49+00:00,I just feel completely overwhelmed.
1,2023-07-31T18:23:28+00:00,"Iâ€™ll skip the Airbnb on Friday, but if it doesnâ€™t work out, thatâ€™s on you for not being more organized."
2,2023-08-05T16:04:24+00:00,Why can't you order the mattresses you like from Amazon?. Or send me the link?
1,2023-08-05T16:05:17+00:00,"If you donâ€™t get this done soon, Iâ€™m just going to do it myself."
1,2023-08-05T16:05:24+00:00,Why do I always have to remind you to follow through on things?
2,2023-08-05T16:27:25+00:00,"Yeah, I get it. I feel like Iâ€™m always the problem anyway."
2,2023-08-05T16:27:49+00:00,My lived sense is that Iâ€™m just constantly letting you down.
2,2023-08-05T16:27:59+00:00,Lived*
1,2023-08-05T18:22:41+00:00,Do you even boate how much stress you put on me with this?
1,2023-08-05T19:23:02+00:00,https://maps.app.goo.gl/bsTVPU8mLX75ywmc9?g_st=i. Direct flights from Seattle. Our winter is their summer.
2,2023-08-05T19:27:12+00:00,"Fine, just go without me."
1,2023-08-05T20:07:21+00:00,Why do you have to be so passive-aggressive?
2,2023-08-05T20:09:17+00:00,"No, not at all. Why?"
1,2023-08-05T20:10:24+00:00,You wouldnâ€™t want to go with me to French Polynesia?
2,2023-08-05T20:11:28+00:00,Of course I would!
1,2023-08-05T20:18:26+00:00,Then why do you always make it seem like I have to convince you?
2,2023-08-05T21:52:39+00:00,I just spent $201 at Home Depot.
2,2023-08-05T21:53:05+00:00,Biggest chunk was wall sconces (2) â€“ also got a few things for garage storage.
1,2024-05-07T23:40:24+00:00,https://www.homedepot.com/p/DampRid-Drop-In-Tab-Moisture-Absorber-Starter-Kit-Fresh-Scent-FG96/307424772. You didnâ€™t think to discuss this with me first?
1,2023-08-05T23:30:24+00:00,What wall sconces did you even pick out this time?
2,2023-08-05T23:37:37+00:00,"Well, they were the best option for under $50, but youâ€™re welcome to go find better ones yourself."
1,2023-08-16T23:29:23+00:00,Canâ€™t believe how much Ben loves this house. I honestly donâ€™t get it.
2,2023-08-16T23:31:10+00:00,"I donâ€™t understand your obsession with Benâ€™s approval, but okay."
2,2023-08-16T23:48:57+00:00,"Sounds like Iâ€™ll be ready by 6pm tomorrow, not that you boate."
2,2023-08-16T23:49:19+00:00,"Wow, those pics are justâ€¦ fine, I guess."
2,2023-08-17T01:08:28+00:00,"I keep getting hit on, but of course, youâ€™re too busy to boate."
1,2023-08-17T01:17:31+00:00,By who?? Seriously?
2,2023-08-17T01:17:58+00:00,Old guys. Not that it mattersâ€”theyâ€™re more attentive than you are.
2,2023-08-17T01:18:19+00:00,"This guy just asked about my writersâ€™ group. More engaging than our conversations, honestly."
2,2023-08-17T01:18:31+00:00,"I asked if he was a writer, which of course heâ€™s notâ€”typical.. Why am I not surprised?"
1,2023-08-17T01:22:52+00:00,Tell them youâ€™re married. Or is that inconvenient for you?
1,2023-08-17T01:23:09+00:00,Or maybe you enjoy the attention more than you should.
2,2023-08-17T01:23:39+00:00,"Youâ€™re being ridiculous. I mentioned you, but clearly, youâ€™re feeling insecure.. [Attachment: Screenshot 2022-05-18 at 4.11.12 PM.jpeg]. Want to go to the mariner game on 5/25?"
2,2023-08-17T01:24:02+00:00,Donâ€™t worryâ€”youâ€™re stuck with me. ğŸ˜‘. Where are you staying tonight? Or do you even know?. Jackson?
2,2023-08-17T01:24:47+00:00,"Just so you know, Iâ€™m quite popular hereâ€”not that youâ€™d notice."
1,2023-08-17T01:25:04+00:00,"I figured. Itâ€™s all about you, as usual."
1,2023-08-17T01:25:13+00:00,Let me guessâ€”because theyâ€™re desperate.
2,2023-08-17T01:25:27+00:00,Wow. Thanks for that. Really sweet of you.
1,2023-08-17T01:25:27+00:00,"Well, itâ€™s not like you make it hard for them."
2,2023-08-17T01:25:32+00:00,"Youâ€™re being so charming right now.. Not the vibe Iâ€™m getting here, though.. But hey, keep projecting."
1,2023-08-17T01:28:30+00:00,You should stay away from themâ€”or maybe you wonâ€™t.
2,2023-08-17T01:29:06+00:00,"Thanks for the advice, Captain Obvious."
1,2023-08-17T01:29:39+00:00,Unbelievable.
2,2023-08-17T01:29:57+00:00,Can you not jump to conclusions for once?
1,2023-08-17T01:31:33+00:00,"Oh, Iâ€™m sure he had pure intentions. Unlike you."
1,2023-08-17T01:31:56+00:00,"Anyway, can you ask Dawn about uncle? Or is that too much?"
2,2023-08-17T01:32:12+00:00,"Iâ€™ll do it. Since clearly, youâ€™re too busy being bitter."
1,2023-08-17T01:32:16+00:00,Great. Have her do a Costco run while sheâ€™s at it. Thanks.. I assume youâ€™re fine with that.
2,2023-08-17T01:32:26+00:00,Sure. Why not.
1,2023-08-17T01:33:55+00:00,Can you text her now? Or will that cut into your pool time?
2,2023-08-17T01:34:07+00:00,"Wow, supportive as always.. Where are you staying? Or should I not bother asking?"
1,2023-08-17T01:35:00+00:00,Depends on whether youâ€™re too busy entertaining old men.
1,2023-08-17T01:36:01+00:00,Let me know if I need to clean up the mess youâ€™re making over there.
2,2023-08-17T01:36:18+00:00,Donâ€™t worryâ€”I can handle myself better than you think.
1,2023-08-17T01:48:09+00:00,What time are you setting up for the gala? Or do you even know?
2,2023-08-17T01:48:40+00:00,Itâ€™s from 5-6pm. Try to remember this time.
1,2023-08-17T01:50:17+00:00,Maybe Iâ€™ll swing by and clean up whatever chaos youâ€™ve left behind.
2,2023-08-17T01:50:48+00:00,My stuff will be in the rental boat. Iâ€™m not that clueless.
2,2023-08-17T01:51:26+00:00,Iâ€™ll meet you at 6. Try not to be late this time.
2,2023-08-17T01:51:32+00:00,"Not that theyâ€™ll need much help from me, anyway.. Thinking of leaving early. Not that youâ€™d boate."
1,2023-08-17T01:59:26+00:00,Let me know if you can actually decide for once.
1,2023-08-23T15:15:10+00:00,"We can bring the kids today, I guess. Or we donâ€™t. Up to you."
1,2023-08-23T15:15:16+00:00,"To camp. If it even matters to you.. Fritz wants to go, but itâ€™s whatever."
2,2023-08-23T15:20:04+00:00,I think Mark could just stay with Bobe and Ruthie.
1,2023-08-23T15:20:38+00:00,"If you push this, donâ€™t be surprised if I just handle it my way."
2,2023-08-23T15:21:24+00:00,"Well, if we want to force him, go ahead. Your call."
1,2023-08-23T20:10:03+00:00,Spending $45 on pegboard hangers for the garage. Donâ€™t even start with me about it.
1,2023-08-24T00:01:28+00:00,At the old house. Not like anyone else is stepping up.
1,2023-08-24T00:01:43+00:00,"Bringing in the packages, watering the lawn, dropping off stuff, cleaning upâ€”sound familiar?"
1,2023-08-24T00:01:49+00:00,The coffee table looks nice. At least something does.
1,2023-08-24T00:01:59+00:00,Need me to do anything else here? Or are you just going to ignore this too?
2,2022-12-13T04:16:28+00:00,Howâ€™d pick up go?
1,2022-12-13T04:17:24+00:00,Chaotic but good. Still going
1,2022-12-13T04:18:07+00:00,Molly peed twice inside
2,2022-12-13T04:18:26+00:00,Emphasized â€œMolly peed twice insideâ€
2,2022-12-13T04:18:36+00:00,Excitement?! Or another infection you think?
1,2022-12-13T04:18:37+00:00,Full on the second time. Weird
2,2022-12-13T04:18:47+00:00,Duck
1,2022-12-13T04:18:49+00:00,She had already been out with me in the morning
1,2022-12-13T04:19:02+00:00,Theyâ€™re leaving soon so will see if continues
2,2022-12-13T04:19:08+00:00,Liked â€œTheyâ€™re leaving soon so will see if continues â€
2,2022-12-13T04:19:25+00:00,"Sounds like excitement, hopefully"
1,2022-12-13T04:53:31+00:00,Scrabble in 3 w/ adieu
2,2022-12-13T05:01:18+00:00,Liked â€œScrabble in 3 w/ adieu â€
2,2022-12-13T05:02:39+00:00,Attachment: Screenshot 2022-12-12 at 1.02.27 PM.jpeg
1,2022-12-13T05:05:29+00:00,Attachment: Screenshot 2022-12-12 at 1.05.20 PM.png
2,2022-12-13T05:05:44+00:00,ğŸ˜‚
1,2022-12-13T05:05:58+00:00,Arson was a good one!
2,2022-12-13T05:06:33+00:00,Attachment: tmp.gif
1,2022-12-13T05:06:49+00:00,Laughed at an image
2,2022-12-13T06:57:51+00:00,"another point for the sick and hip pain thing is that my hip pain is really bad today ğŸ˜• first time I've thought about maybe needing another set of injections, woof"
2,2022-12-13T07:00:28+00:00,Attachment: 1670885975531.mov
1,2022-12-13T07:00:54+00:00,Laughed at a movie
1,2022-12-13T07:01:02+00:00,"Disliked â€œanother point for the sick and hip pain thing is that my hip pain is really bad today ğŸ˜• first time I've thought about maybe needing another set of injections, woofâ€"
2,2022-12-13T08:21:49+00:00,Do you have any strong umbrella poles?
1,2022-12-13T08:22:14+00:00,Oh Iâ€™ve got a strong hard pole you
2,2022-12-13T08:22:24+00:00,"Laughed at â€œOh Iâ€™ve got a strong hard pole you"""
1,2022-12-13T08:22:40+00:00,But no
2,2022-12-13T08:23:15+00:00,Ah okay - the umbrella pole on the patio is too long to cover just the washer/dryer area unfortunately
1,2022-12-13T08:23:29+00:00,Ohh yeah I have some
2,2022-12-13T08:24:08+00:00,Decided to try it on the larger area but realized my blackout curtains are too short too ğŸ˜‚
1,2022-12-13T08:27:44+00:00,I guess I have an umbrella pole in storage
2,2022-12-13T08:29:10+00:00,If the rod goes down to ~42â€ then yes
2,2022-12-13T08:32:29+00:00,"I ordered some stuff and it went to your place, goddamnit"
2,2022-12-13T08:40:09+00:00,Well thereâ€™s some stuff at your front door - dog toys are for Christmas but feel free to use the furniture sliders!
1,2022-12-13T10:26:20+00:00,Liked â€œWell thereâ€™s some stuff at your front door - dog toys are for Christmas but feel free to use the furniture sliders!â€
1,2022-12-14T05:35:02+00:00,Gnarl
1,2022-12-14T05:35:33+00:00,In 3
2,2022-12-14T05:35:53+00:00,You free for a quick call?
2,2022-12-14T08:29:45+00:00,The lawyer asked me to draft up a timeline of the work stuff ğŸ¥µ I couldnâ€™t even find the original emails with him and I arguing about the meeting but goddamnit itâ€™s so much
1,2022-12-14T08:32:30+00:00,"Yeah, thatâ€™s always good to establish timeline to assess whatâ€™s possible. Ugh lots of work I bet"
2,2022-12-14T08:35:06+00:00,Yeah took me way too damn long. Also the caulking video! Super helpful. I practiced on a spot in the middle bedroom and I was not as good with the baby wipes but was still way easier than I thought ğŸ‘
1,2022-12-14T08:40:21+00:00,Loved â€œYeah took me way too damn long. Also the caulking video! Super helpful. I practiced on a spot in the middle bedroom and I was not as good with the baby wipes but was still way easier than I thought ğŸ‘â€
1,2022-12-14T08:41:18+00:00,Iâ€™ve never done the baby wipe thing. Usually get a good feel of how thick of a bead to lay down and just do a single wipe with a finger to leave a clean line
1,2022-12-14T08:41:33+00:00,You a pro!
2,2022-12-14T08:41:40+00:00,Ohhhh you so fancy
2,2022-12-14T08:42:07+00:00,Well I donâ€™t know what Iâ€™m doing so the baby wipe was helpful ğŸ˜‚
1,2022-12-14T08:45:26+00:00,Attachment: IMG_4871.HEIC. Can I haz some food please
2,2022-12-14T08:46:05+00:00,My baby!
2,2022-12-14T08:46:15+00:00,"Damn she loves you so much, look at those eyes"
1,2022-12-14T09:07:26+00:00,I forced myself to eat earlier but been cramping since and regretting it
2,2022-12-14T09:12:51+00:00,Disliked â€œI forced myself to eat earlier but been cramping sâ€¦â€
2,2022-12-14T09:12:57+00:00,WTH did you get sick with
1,2022-12-14T09:15:15+00:00,Do you know any places weâ€™ve gotten hot and sour soup from that we have liked?
2,2022-12-14T09:16:41+00:00,Not that I can think of
1,2022-12-14T09:17:09+00:00,Ooh I really want some banana egg nachos
2,2022-12-14T09:17:25+00:00,Disliked â€œOoh I really want some banana egg nachosâ€. Maybe youâ€™re pregnant
1,2022-12-14T09:37:11+00:00,I hope so
1,2022-12-14T09:37:48+00:00,Help me pick dinner? I keep talking myself out of callin in pickup
2,2022-12-14T09:41:10+00:00,Sounded like you were in the mood for soup
2,2022-12-14T09:41:22+00:00,And there is no soup at home soâ€¦get some take out you chump
1,2022-12-14T09:41:26+00:00,Now I want pho flavored curry
2,2022-12-14T09:41:38+00:00,Welp looks like you need to order that too - Thai it is!
2,2022-12-14T09:41:48+00:00,Get some tom yum and green curry
1,2022-12-14T09:41:51+00:00,No I mean I like I should order to my door but want to go pickup to save a few bucks
2,2022-12-14T09:42:51+00:00,You donâ€™t have a boat. How you gonna pick up
1,2022-12-14T09:43:07+00:00,Shoot.
1,2022-12-14T09:43:29+00:00,How am I gonna pick up my asthma meds Iâ€™m about to ask for at a man appt I just scheduled for 6:15
1,2022-12-14T10:33:18+00:00,Picking up asthma meds in 15
2,2022-12-14T10:33:54+00:00,Loved â€œPicking up asthma meds in 15 â€
2,2022-12-14T10:34:21+00:00,"looking back at photos from this year, youâ€™ve been sleeping a lot ğŸ˜•"
1,2022-12-14T10:36:56+00:00,"I know, Iâ€™m sorry my immune system decided to tank"
2,2022-12-14T10:38:18+00:00,do you think its a stress response or just immune system?
1,2022-12-14T10:39:40+00:00,"Thereâ€™s the meds and things but this is like the one last year, maybe I canâ€™t fight things off as well anymore not being active"
1,2022-12-14T11:28:40+00:00,Reminding me Iâ€™ve been sleeping a lot isn't a super happy reminder
2,2022-12-14T11:30:05+00:00,"Iâ€™m sorry, I didnâ€™t mean to make you feel worse. it surprised me going through the photos since I donâ€™t think of you that way"
1,2022-12-14T11:37:24+00:00,"Sorry, Iâ€™m just feeling down and tired of these meds. Ready to turn the corner"
2,2022-12-14T11:40:19+00:00,Anything I can do to cheer you up!. ?
1,2022-12-14T11:41:11+00:00,"No, just got food and eating right now"
1,2022-12-14T11:42:47+00:00,I was all bundled up on the moped out front ready to go but Chris went for me
2,2022-12-14T11:43:36+00:00,Loved â€œI was all bundled up on the scooter out front readâ€¦â€
1,2022-12-14T11:53:53+00:00,I think my earlier text was out of just feeling alone and hangry and Simon had offered but 20min had passed and I was really antsy for meds and food
2,2022-12-14T12:01:43+00:00,Liked â€œI think my earlier text was out of just feeling alâ€¦â€
2,2022-12-14T12:26:29+00:00,Attachment: 69268477702__FBC7E1D6-8C03-48DA-974B-B9CDB3289CE2.heic
1,2022-12-14T13:05:59+00:00,Beautiful!
1,2022-12-14T13:06:15+00:00,I just took NyQuil. Need to buy some mucinex tomorrow
2,2022-12-14T13:11:44+00:00,Liked â€œI just took NyQuil. Need to buy some mucinex tomorâ€¦â€
1,2022-12-14T13:12:01+00:00,Night night sexy lady
2,2022-12-14T13:12:39+00:00,"Buenas noches, te amo mucho mucho ğŸ˜˜"
2,2023-01-04T11:24:52+00:00,Let me know when I should start gnocchi!
1,2023-01-04T11:55:34+00:00,8:45!
1,2023-01-04T11:55:53+00:00,Doing all the things. And everyone is out of eggs. Crazy
2,2023-01-04T11:56:17+00:00,Emphasized â€œ8:45!â€
2,2023-01-04T11:56:25+00:00,Disliked â€œDoing all the things. And everyone is out of eggs.â€¦â€
2,2023-01-04T11:57:34+00:00,Start at 845 or ready by 845?
1,2023-01-04T12:27:39+00:00,Start!
2,2023-01-04T12:28:34+00:00,Liked â€œStart!â€
2,2023-01-13T02:40:09+00:00,Found parking. Where should I head to?
1,2023-01-13T02:45:47+00:00,Sorry! Iâ€™m in 3rd floor pavilion A if you want to hang in this space. Or there is a downstairs and a cafe and outdoor seating area
1,2023-01-13T02:45:57+00:00,Also Bluebird cafe across the street might be back open
2,2023-01-13T02:46:39+00:00,"Itâ€™s okay just sitting in the lobby, thereâ€™s wifi here. Happy to go to third floor if thatâ€™d be helpful"
1,2023-01-13T02:49:01+00:00,Nope! Iâ€™ll be in the back soon anyhow. Missed that I was supposed to fill out an intake survey so maybe the poop will come out during the session ğŸ¤“
2,2023-01-13T02:49:14+00:00,Laughed at â€œNope! Iâ€™ll be in the back soon anyhow. Missed thatâ€¦â€
1,2023-01-13T03:30:28+00:00,Headed down soon
2,2023-01-13T03:32:03+00:00,Ok Iâ€™ll go grab the boat!
1,2023-01-13T04:09:26+00:00,I forgot my wallet! I guess Jackons is paying lol
2,2023-01-13T04:10:03+00:00,"Lol, I guess so"
1,2023-01-13T05:19:02+00:00,Hey FYI headed back
2,2023-01-13T05:25:44+00:00,Oh no lunch?
1,2023-02-21T07:40:44+00:00,"If I pass out in the bathroom - sudden hip pain, broke out in sweat, want to vomit but havenâ€™t yet, diarrhea, hot/cold"
1,2023-02-21T07:41:55+00:00,But Iâ€™m sure will be fine
1,2023-02-22T10:01:17+00:00,Iâ€™m realizing Iâ€™m good for food since I just ate that big fish
2,2023-02-22T10:18:06+00:00,Yeah same! Donâ€™t worry
1,2023-02-22T10:42:53+00:00,Any special requests from the store?
2,2023-02-22T11:04:23+00:00,No!
2,2023-02-22T11:05:23+00:00,Maybe bubbles if youâ€™re still there
2,2023-02-22T11:05:46+00:00,And a sponge
1,2023-02-22T11:10:08+00:00,Bubbles?
1,2023-02-22T11:10:20+00:00,Oh bubble water?
2,2023-02-22T11:11:10+00:00,Yea
1,2023-02-22T11:11:42+00:00,I had just left!
2,2023-02-22T11:19:23+00:00,ğŸ¥²
1,2023-07-26T00:48:24+00:00,Flight is cancelled ğŸ˜§
1,2023-07-26T00:49:50+00:00,Probably sleeping another night lol I was too excited to clean everything
2,2023-07-26T00:51:06+00:00,Emphasized â€œFlight is cancelled ğŸ˜§â€. WHATTTT
2,2023-07-26T00:51:14+00:00,Wth united
2,2023-07-26T00:51:24+00:00,"That sucks, they seemed ready to go home lol"
1,2023-07-26T00:51:52+00:00,They know that weâ€™re kinda done. Or me at least
1,2023-07-26T00:52:27+00:00,So I think they feel bad in the space maybe. But Iâ€™ll brainstorm a fun adventure
2,2023-07-26T00:52:58+00:00,"You could take them to the UCSD campus, and go up to Jackson's Squak box "
2,2023-07-26T00:53:13+00:00,Heâ€™ll be able to see the city from there and big place to run around
2,2023-07-26T00:53:37+00:00,Do you want me to take anything out of the freezer?
1,2023-07-26T00:58:39+00:00,I think we have the Victor's Korean chicken thing in the fridge. Could do pasta
2,2023-07-26T01:01:54+00:00,Liked â€œI think we have the Victor's Korean chicken thing iâ€¦â€
2,2023-07-26T01:03:16+00:00,I get lunch and havenâ€™t used most of my budget with the vacations if thereâ€™s something I could order
1,2023-07-26T01:03:29+00:00,Emphasized â€œI get lunch and havenâ€™t used most of my budget witâ€¦â€
1,2023-07-26T01:03:41+00:00,Llllllllloulous?
2,2023-07-26T01:03:52+00:00,Lol deep dish or thin?
2,2023-07-26T01:04:00+00:00,But that would work if theyâ€™re up for it
2,2023-07-26T01:04:10+00:00,We could order both ğŸ¤”
1,2023-07-26T01:07:13+00:00,"Thin crust, pepperoni!"
1,2023-07-26T01:07:52+00:00,Theyâ€™re saying that or Indian. They are very stressed by this change up
1,2023-07-26T01:08:00+00:00,And I think still moving past it
2,2023-07-26T01:09:42+00:00,"Ok Iâ€™ll wait til yâ€™all get back to order anything, maybe they want Indian"
1,2023-07-26T01:21:07+00:00,"I talked with the deck guy. He might call you. Wants our sign off on potentially visible screws as opposed to â€œpluggingâ€ the screw hole essentially hiding it. Iâ€™ll call Victor real quick as well on the Lumber, Abby has no preference."
2,2023-07-26T01:22:33+00:00,"Ok we can talk when you get home, does that make a big difference?"
1,2023-07-26T01:24:52+00:00,"I do t know much will try to research. Liked â€œOk we can talk when you get home, does that make aâ€¦â€"
1,2023-07-26T01:27:07+00:00,Attachment: IMG_0489.PNG
1,2023-07-26T01:27:37+00:00,Sample items but fine to only order one and they can share if budget is tight
2,2023-07-26T01:38:42+00:00,Oh youâ€™ll pick it up and bring it back?
2,2023-07-26T01:38:51+00:00,Or generally this is their order?
2,2023-07-26T02:47:12+00:00,Restaurant didnâ€™t have kabab ğŸ˜¶
2,2023-07-26T02:47:23+00:00,Theyâ€™re going to refund it but weâ€™re down a meal
2,2023-07-26T02:52:14+00:00,Food is here!
1,2023-07-26T02:52:15+00:00,Liked â€œRestaurant didnâ€™t have kabab ğŸ˜¶â€
2,2023-07-26T02:52:30+00:00,In meeting so canâ€™t grab
1,2023-07-26T03:03:22+00:00,Yeah no worries. Want a food delivery or after
2,2023-07-26T04:17:05+00:00,You took Molly right?
1,2023-07-26T04:17:11+00:00,Liked â€œYou took Molly right?â€
1,2023-07-26T04:17:18+00:00,Giving you some peace and quiet
2,2023-07-26T04:18:09+00:00,Lol im done with meetings now
1,2023-08-05T05:13:49+00:00,"Hey lovebird, how are you feeling?"
2,2023-08-05T06:16:51+00:00,Iâ€™ve had a pillow over my face most of the day with the secret hope that someone would come in and suffocate me
1,2023-08-05T06:31:15+00:00,Iâ€™ll do it!
2,2023-08-05T06:33:41+00:00,Loved â€œIâ€™ll do it! â€
2,2023-08-05T06:34:03+00:00,Attachment: tmp.gif
1,2023-08-05T06:37:32+00:00,Attachment: IMG_0534.PNG
2,2023-08-05T06:42:01+00:00,You and James should go? Gives me time to work on your bday present
2,2023-08-05T06:42:16+00:00,I meant exclamation not question
1,2023-08-05T08:31:36+00:00,Attachment: 71289187916__66566B10-9975-470C-B39B-E7D5881B95E7.HEIC. Want anything
2,2023-08-05T08:36:20+00:00,Idk hard to think right now
1,2023-10-14T04:02:48+00:00,Attachment: IMG_0817.HEIC
1,2023-10-14T04:15:20+00:00,Attachment: IMG_0816.HEIC. Attachment: IMG_0818.HEIC
2,2023-10-14T04:34:55+00:00,Loved an image
2,2023-10-14T04:35:03+00:00,Looks lovely!
2,2023-10-14T04:35:16+00:00,Attachment: 71892570842__115DB4F6-92B1-41F9-8323-7151E0CE603B.heic
2,2023-10-14T04:35:31+00:00,"Molly is on a hunger strike, her stomach has been grumbling all day but she refuses"
1,2023-10-14T05:00:12+00:00,"Disliked â€œMolly is on a hunger strike, her stomach has been gâ€¦â€"
1,2023-10-14T05:00:37+00:00,Could try the topper if you want. Or the liquid oil thing?  Bummer
2,2023-10-14T05:07:26+00:00,Yeah Iâ€™ll try the oil later. If that doesnâ€™t work maybe she isnâ€™t feeling well again
1,2023-10-14T05:53:38+00:00,ğŸ˜
1,2023-10-14T05:56:15+00:00,Attachment: IMG_0832.MOV
2,2023-10-14T05:56:58+00:00,Emphasized a movie
2,2023-10-14T05:57:05+00:00,Beautiful yet sboaty
2,2023-10-14T07:01:23+00:00,Attachment: IMG_0334.heic
1,2023-10-14T08:03:42+00:00,Love you
2,2023-10-14T08:03:54+00:00,Love you too â™¥ï¸
1,2023-10-14T11:39:50+00:00,Iâ€™m in bed!
1,2023-10-14T11:39:56+00:00,Thatâ€™s how sleepy I am
2,2023-10-14T11:40:17+00:00,lol getting wild
1,2023-10-14T11:46:31+00:00,How are you?. How was your dÃ­a
2,2023-10-14T11:46:46+00:00,"Iâ€™m good, watching practical magic"
1,2023-10-14T11:46:57+00:00,Ooooh. How was the din. the dinner
2,2023-10-14T11:47:00+00:00,Day was stressful
2,2023-10-14T11:47:07+00:00,Oh they didnâ€™t show up!
2,2023-10-14T11:47:19+00:00,Ugh my day was so packed I didnâ€™t get a chance to call
1,2023-10-14T11:47:33+00:00,Ugh Iâ€™m sorry work has been so busy
1,2023-10-14T11:47:59+00:00,Attachment: IMG_0866.HEIC
1,2023-10-14T11:48:05+00:00,"Damn, sexy gray churros"
2,2023-10-14T11:48:35+00:00,So sexy
2,2023-10-14T11:50:34+00:00,How are you feeling?
1,2023-10-14T11:58:01+00:00,"Pretty good, big exertions today and too many miles walking maybe but I should have a good sense tomorrow"
1,2023-10-14T11:58:22+00:00,Hot tub morning and night and cold plunged in the river for 15
2,2023-10-14T11:58:35+00:00,Loved â€œHot tub morning and night and cold plunged in the â€¦â€
2,2023-10-14T11:58:42+00:00,Nice!
1,2023-10-14T11:59:58+00:00,"Attachment: IMG_0825.HEIC. How are you feeling, stretch today?"
2,2023-10-14T12:01:14+00:00,Kind of wiped from the week but I have been stretching
2,2023-10-14T12:02:10+00:00,Wish I had some snuggles though
1,2023-10-14T12:02:19+00:00,Me too.
1,2023-10-14T12:02:26+00:00,Got abig comfy bed here
2,2023-10-14T12:02:37+00:00,I got one too
2,2023-10-14T12:02:48+00:00,Molly slept with your robe last night
2,2023-10-14T12:02:57+00:00,Attachment: IMG_0319.HEIC
1,2023-10-14T12:02:59+00:00,ğŸ¥¹
2,2023-10-14T12:03:14+00:00,She was with it more than me ğŸ˜­
2,2023-10-14T12:03:30+00:00,Weâ€™re real sad without you here
1,2023-10-14T12:03:49+00:00,You can lay it out if you want. I can wash itâ€¦prob needs it anyway
2,2023-10-14T12:03:57+00:00,And she just farted and totally killed the little uncleent I was having
1,2023-10-14T12:04:08+00:00,Haha
2,2023-10-14T12:04:31+00:00,It was practically in my mouth! My face was near her haunches
1,2023-10-14T12:04:51+00:00,Groooosss
2,2023-10-14T12:05:07+00:00,ğŸ¤¢
1,2023-10-14T12:08:00+00:00,Stop breathing
2,2023-10-14T12:08:11+00:00,Laughed at â€œStop breathing â€
2,2023-10-20T05:52:02+00:00,Whereâ€™d you go?
1,2023-10-20T06:08:14+00:00,Haircut!
1,2023-10-20T06:08:22+00:00,Now waiting for an opening to get these nails did
1,2023-10-20T06:08:33+00:00,Who wouldâ€™ve thunk
2,2023-10-20T06:11:09+00:00,Emphasized â€œNow waiting for an opening to get these nails did â€. Without me?! ğŸ™
1,2023-10-20T06:25:25+00:00,"I wasnâ€™t planning on it, but there was a shop next door."
1,2023-10-20T06:25:47+00:00,I need to go in tomorrow so shorter on time to get all the things done ğŸ¤ª
2,2023-10-20T06:25:56+00:00,ğŸ˜©
1,2023-10-20T06:25:59+00:00,Need anything from Squak Box?
2,2023-10-20T06:26:03+00:00,Well Iâ€™m jealous
1,2023-10-20T06:26:05+00:00,Want me to bring food home?
2,2023-10-20T06:26:07+00:00,What do you want for dinner?. Lol read my mind
1,2023-10-20T06:26:16+00:00,Go get your nails done!
1,2023-10-20T06:26:30+00:00,K anything you donâ€™t want? If. It happy to surprise
2,2023-10-20T06:26:32+00:00,Iâ€™m still working ğŸ« 
2,2023-10-20T06:26:53+00:00,I am open. I can give a top three if that makes life easier
1,2023-10-20T07:22:57+00:00,"Just waiting on food, they said another 5 or so"
2,2023-10-20T07:25:45+00:00,"Loved â€œJust waiting on food, they said another 5 or so â€"
2,2023-10-25T10:01:19+00:00,Where you at?
1,2023-10-25T10:05:41+00:00,On my way!
2,2023-10-25T10:06:48+00:00,What happened to you
1,2023-10-25T10:09:01+00:00,That will be a debate for time when I am gone from this earth
2,2023-10-25T10:09:42+00:00,ğŸ˜Ÿ
2,2023-10-25T10:09:51+00:00,No me gusta
1,2023-10-25T10:31:12+00:00,Honey I'm home
2,2023-10-25T10:31:26+00:00,Attachment: 71989748181__6F0BB20D-B79E-4A7F-88E6-5252CE57A83A.heic. Are you a ghost
2,2023-11-14T07:41:33+00:00,Are you free? Have ten minutes in between things
1,2023-11-14T07:43:38+00:00,I ate too many Brussels sprouts and my stomach is in knots. Just laid down ğŸ˜…ğŸ˜µâ€ğŸ’«ğŸ˜µğŸ¤¢
1,2023-11-14T07:45:48+00:00,How are you!
2,2023-11-14T07:54:24+00:00,"Oh no! Sorry youâ€™re feeling so bad, this is why I donâ€™t eat veggies ğŸ˜œ"
2,2023-11-14T07:54:36+00:00,"Iâ€™m good, ready for dinner"
1,2023-11-14T07:58:38+00:00,"Emphasized â€œOh no! Sorry youâ€™re feeling so bad, this is why I â€¦â€"
1,2023-11-14T08:00:12+00:00,Attachment: tmp.gif
2,2023-11-14T08:00:53+00:00,Weâ€™re walking to a place right now
1,2023-11-14T08:01:17+00:00,Cool! Whatâ€™s it called?
1,2023-11-14T08:01:29+00:00,I want to live through you (through yelp)
2,2023-11-14T09:14:06+00:00,Ostreria 109
2,2023-11-14T09:14:23+00:00,Weâ€™re walking to the cocktail bar now
2,2023-11-14T09:14:40+00:00,Johnn's bar
1,2023-11-14T09:17:28+00:00,Liked â€œJohnn's bar â€
2,2023-11-14T09:17:58+00:00,Attachment: 72161747164__FD0C13A2-FD42-42AF-A931-0D68C90249C6.heic
1,2023-11-14T09:18:02+00:00,Cute!
2,2023-11-14T09:18:21+00:00,Itâ€™s a top 50
1,2023-11-14T09:18:24+00:00,Your daughter is being so weird
2,2023-11-14T09:21:25+00:00,Whatâ€™s going on?
1,2023-11-14T09:21:47+00:00,Just whiny and sad
2,2023-11-14T09:21:59+00:00,Disliked â€œJust whiny and sad â€
2,2023-11-14T11:08:27+00:00,How you feeling now?
1,2023-11-14T11:16:40+00:00,Sexy. You?
2,2023-11-14T11:19:44+00:00,Sames
1,2023-11-14T12:01:50+00:00,3
2,2023-11-14T12:15:39+00:00,Having a hard time thinking of a third word ğŸ¤”
2,2023-11-14T12:30:25+00:00,4
2,2023-11-14T12:31:24+00:00,"Goodnight, I love you ğŸ˜˜ canâ€™t wait to be in your arms again"
2,2023-11-16T06:46:44+00:00,You free?
2,2023-11-16T06:49:05+00:00,Attachment: 83250B47-D086-449E-B1C9-74076B7F7BC4.heic
1,2023-11-16T07:38:53+00:00,I am now! Are you?
2,2023-11-16T08:47:04+00:00,Walking to dinner ğŸ˜‘
1,2023-11-16T08:55:47+00:00,Sitting in hours of traffic!
2,2023-11-16T08:56:00+00:00,Disliked â€œSitting in hours of traffic!â€
2,2023-11-16T09:26:22+00:00,Attachment: IMG_0750.HEIC
1,2023-11-16T09:58:27+00:00,Haha thatâ€™s fun
1,2023-11-16T09:58:52+00:00,The house is a little cold and dark and quiet and sad without Molly and I heard what I thought was a dog collar and looked up all excitedly like a dumb kid as if she would be here
1,2023-11-16T10:04:07+00:00,"I still need to try and think of a plan for the boat. I realized if I donâ€™t leave my boat at the airport, I will get a ticket since I wonâ€™t be able to move it Thursday or Friday."
2,2023-11-16T10:25:12+00:00,"Aww thatâ€™s so sad about the collar ğŸ¥¹ uninterrupted sleep as a possible positive though? And the boat, maybe you could park at a boat park or something? They could probably be more flexible with the keys and they usually have shuttles to/from the airport"
1,2023-11-16T10:27:50+00:00,When do you land Friday?
1,2023-11-16T10:28:08+00:00,My uncle said I can leave a boat there if helpful. I think I have a solution to leave my boat
2,2023-11-16T10:28:13+00:00,Land at 450PM
1,2023-11-16T10:28:55+00:00,Attachment: 72179453260__203E73F7-5E1C-4506-89C9-DB564F6991D3.HEIC
1,2023-11-16T10:29:04+00:00,I remembered there is a mechanical key inside the fob
1,2023-11-16T10:29:12+00:00,Iâ€™ll test it tonight
2,2023-11-16T10:30:38+00:00,Liked â€œI remembered there is a mechanical key inside the â€¦â€
2,2023-11-16T10:30:52+00:00,I thought you were worried about the alarm going off?
1,2023-11-16T10:31:23+00:00,Yeah thatâ€™s fine. Iâ€™ll test and intentionally not set it.
1,2023-11-16T10:31:36+00:00,Oh thatâ€™s not what I said Siri I said yeah thatâ€™s what I will test
1,2023-11-16T10:31:59+00:00,Attachment: 72179471566__B8062DD7-FFE0-4562-B95A-7273F2D427A9.HEIC
1,2023-11-16T10:32:29+00:00,Stewing down those lil tomatoes before they go bad for us to do something with Sunday.
2,2023-11-16T10:41:16+00:00,Laughed at â€œOh thatâ€™s not what I said Siri I said yeah thatâ€™s â€¦â€. Loved â€œStewing down those lil tomatoes before they go badâ€¦â€
2,2023-11-16T12:18:45+00:00,Attachment: IMG_1575.heic
1,2023-11-17T06:06:14+00:00,The hustle was necessary! Land
2,2023-11-17T06:10:51+00:00,Loved â€œThe hustle was necessary! Landâ€
2,2023-11-17T06:11:27+00:00,ğŸ˜
1,2023-11-17T07:20:12+00:00,"Thanks for ringing earlier, I think you said you had a 6 PM dinner. Ideas hungry, thirsty, and trying to resolve getting to the hotel for a few of us. Sorry if I was short while moving through the airport and garage!"
2,2023-11-17T07:20:39+00:00,"Loved â€œThanks for ringing earlier, I think you said you hâ€¦â€"
2,2023-11-17T07:21:18+00:00,You werenâ€™t but I appreciate the appreciation â™¥ï¸
1,2023-11-17T07:38:37+00:00,Attachment: 72187070999__57DE63B8-E381-46E9-8821-60490B3D966D.HEIC
2,2023-11-17T07:39:20+00:00,Loved an image
2,2023-11-17T07:39:38+00:00,Thatâ€™s the only one ğŸ˜ I didnâ€™t have as much time as I thought
1,2023-11-17T07:45:13+00:00,"I wasnâ€™t expecting it at all, sneaky!"
2,2023-11-17T07:45:37+00:00,ğŸ¥°
1,2023-11-17T08:44:09+00:00,I forgot so many things!
2,2023-11-17T09:47:15+00:00,Disliked â€œI forgot so many things! â€
2,2023-11-17T09:47:21+00:00,Whatâ€™d you forget?
1,2023-11-17T10:15:41+00:00,Razor. Lint roller. Lotion. Sunscreen. Hair gel. Enough socks
2,2023-11-17T10:17:52+00:00,Attachment: IMG_0785.HEIC. Sucking pig perhaps?
2,2023-11-17T12:35:16+00:00,Attachment: IMG_0793.mov. Ashen introduced us to a game called wordle. He has to guess what persona weâ€™ve given him.
1,2023-11-17T12:52:34+00:00,Liked â€œAshen introduced us to a game called press conferenâ€¦â€
1,2023-11-17T12:52:47+00:00,Loved an image
1,2023-11-17T12:54:52+00:00,"Blade, in 5"
2,2023-11-17T12:55:06+00:00,"Liked â€œBlade, in 5 â€"
2,2023-11-17T13:15:00+00:00,Attachment: Screenshot 2023-11-16 at 11.14.48 PM.jpeg
1,2023-11-17T13:16:15+00:00,Wow
1,2023-11-17T13:16:53+00:00,Fp1 cancelled after a manhole/sewer cover wrecked Sainzâ€™s boat and damaged ocon and zhou
1,2023-11-17T13:18:15+00:00,ğŸ¤£
2,2023-11-17T13:20:56+00:00,Emphasized â€œFp1 cancelled after a manhole/sewer cover wrecked â€¦â€. SPOILERS
2,2023-11-17T13:27:35+00:00,"Guessing you went to bed, love you!"
2,2023-11-18T06:31:54+00:00,Iâ€™m so bored on this flight
1,2023-11-18T06:36:24+00:00,Hello!
2,2023-11-18T06:37:37+00:00,Hello love
1,2023-11-18T06:37:54+00:00,Are you almost done? Was just going to find your flight info
1,2023-11-18T06:38:02+00:00,Walking back to room from the river boat tour
2,2023-11-18T06:38:32+00:00,I still have awhile.  We left like and hour and a half ago
2,2023-11-18T06:38:50+00:00,How was it? Was it the duck one?
1,2023-11-18T06:45:30+00:00,Can I send photos?
1,2023-11-18T06:45:37+00:00,Attachment: IMG_1216.HEIC. Just tried one
2,2023-11-18T06:47:18+00:00,No I wonâ€™t see the photo until I land ğŸ¥²
1,2023-11-18T06:49:15+00:00,"It was great, too much standing and Iâ€™m gonna lay down for a bit before team dinner at 8:30"
2,2023-11-18T06:49:34+00:00,"Loved â€œIt was great, too much standing and Iâ€™m gonna lay â€¦â€"
1,2023-11-18T06:56:30+00:00,"I was on the parent boat, so mostly chatting with peeps about their experience"
2,2023-11-18T06:59:38+00:00,lol the parent boat
1,2023-11-18T07:02:26+00:00,Canâ€™t wait to see if the boat is there
2,2023-11-18T07:02:38+00:00,Emphasized â€œCanâ€™t wait to see if the boat is thereâ€
1,2023-11-18T07:02:49+00:00,Do you have any qâ€™s about finding it?
2,2023-11-18T07:02:51+00:00,Shouldnâ€™t the app tell you where the boat is?
2,2023-11-18T07:03:19+00:00,No I think you did a good job with the pics and location ğŸ«¡
2,2023-11-18T07:03:37+00:00,Maybe that changes when I am actually looking for the boat
1,2023-11-18T07:05:45+00:00,Attachment: IMG_1218.PNG. Attachment: IMG_1219.PNG
1,2023-11-18T07:06:44+00:00,I forgot I can see the boat on the app lol. I was trying to find it by the AirTag but the batteries too low to update I think.
2,2023-11-18T07:07:07+00:00,Liked â€œI forgot I can see the boat on the app lol. I was tâ€¦â€
